pair,ancestry,locus_index,lead_snp,chr,bp,prior,H0,H1,H2,H3,H4,nsnps
URATE_GOUT_EUR,EUR,1,rs11722228,4,9915741,primary,0,6.33122271507509e-96,0,0.00291768644100468,0.997082313558836,4507
URATE_GOUT_EUR,EUR,1,rs11722228,4,9915741,stringent,0,6.169223965048e-95,0,0.0284303078953181,0.971569692104519,4507
URATE_GOUT_EUR,EUR,1,rs11722228,4,9915741,liberal,0,6.34789175701519e-97,0,0.00029253682174706,0.999707463178371,4507
URATE_GOUT_EUR,EUR,2,rs1481012,4,89039082,primary,0,9.7281934391828e-104,0,0.00468645792665067,0.995313542073263,3103
URATE_GOUT_EUR,EUR,2,rs1481012,4,89039082,stringent,0,9.33448250350576e-103,0,0.0449679170066045,0.955032082993492,3103
URATE_GOUT_EUR,EUR,2,rs1481012,4,89039082,liberal,0,9.76939892852548e-105,0,0.000470630825069684,0.999529369174969,3103
URATE_GOUT_EUR,EUR,3,rs1165215,6,25798932,primary,3.98829635340552e-129,3.56365793167745e-10,2.25941858317647e-121,0.0192077650877745,0.980792234555873,3886
URATE_GOUT_EUR,EUR,3,rs1165215,6,25798932,stringent,3.40045932700623e-128,3.03840857805989e-09,1.92640172995501e-120,0.163767228300115,0.836232768661494,3886
URATE_GOUT_EUR,EUR,3,rs1165215,6,25798932,liberal,4.05845481677309e-130,3.62634654413241e-11,2.299164209342e-122,0.00195456505315513,0.99804543491058,3886
BMI_T2D_EUR,EUR,1,rs9939973,16,53800568,primary,0,3.95800819456377e-88,0,0.0542247628543368,0.945775237145629,893
BMI_T2D_EUR,EUR,1,rs9939973,16,53800568,stringent,0,2.65991086953551e-87,0,0.364408129099723,0.635591870900296,893
BMI_T2D_EUR,EUR,1,rs9939973,16,53800568,liberal,0,4.16107833174494e-89,0,0.00570068263292357,0.994299317367067,893
BMI_T2D_EUR,EUR,2,rs10871777,18,57851763,primary,2.48150672685477e-184,2.50682485023385e-08,2.59699030858475e-178,0.0252601269404957,0.97473984799124,1035
BMI_T2D_EUR,EUR,2,rs10871777,18,57851763,stringent,2.02185536265217e-183,2.04248379092613e-07,2.1159478333645e-177,0.205811745594775,0.794188050156836,1035
BMI_T2D_EUR,EUR,2,rs10871777,18,57851763,liberal,2.5392340204632e-185,2.56514111937319e-09,2.65740409687697e-179,0.00258477533001987,0.997415222104822,1035
BMI_T2D_EUR,EUR,3,rs13386964,2,650828,primary,3.93364384460911e-165,1.07821881974242e-08,4.05643750862937e-158,0.110297976274392,0.889702012943424,971
BMI_T2D_EUR,EUR,3,rs13386964,2,650828,stringent,1.97404506818805e-164,5.41089287088615e-08,2.03566737982568e-157,0.553515225822948,0.446484720068116,971
BMI_T2D_EUR,EUR,3,rs13386964,2,650828,liberal,4.3671643365269e-166,1.1970475626573e-09,4.50349089059347e-159,0.0122453736892512,0.987754625113698,971
HDL_CAD_EUR,EUR,1,rs1532,15,58683366,primary,0,0.821278175377021,0,0.174624228469977,0.00409759615315907,2899
HDL_CAD_EUR,EUR,1,rs1532,15,58683366,stringent,0,0.824318125880195,0,0.175270597784443,0.000411276335211789,2899
HDL_CAD_EUR,EUR,1,rs1532,15,58683366,liberal,0,0.792068002187503,0,0.168413416945183,0.0395185808671169,2899
HDL_CAD_EUR,EUR,2,rs7881,8,19871113,primary,0,5.06236064863424e-09,0,0.154211684683739,0.845788310253887,3442
HDL_CAD_EUR,EUR,2,rs7881,8,19871113,stringent,0,2.12000067351024e-08,0,0.645803209379947,0.354196769419911,3442
HDL_CAD_EUR,EUR,2,rs7881,8,19871113,liberal,0,5.87819894083053e-10,0,0.0179064081856002,0.982093591226443,3442
HDL_CAD_EUR,EUR,3,rs964184,11,116648917,primary,0,4.01073481882749e-10,0,0.00083854797377933,0.999161451625145,3029
HDL_CAD_EUR,EUR,3,rs964184,11,116648917,stringent,0,3.98069278761609e-09,0,0.00832266909201766,0.991677326927208,3029
HDL_CAD_EUR,EUR,3,rs964184,11,116648917,liberal,0,4.01376398056344e-11,0,8.39181298481827e-05,0.999916081829942,3029
LDL_CAD_EUR,EUR,1,rs6511720,19,11202306,primary,0,5.48583258524713e-19,0,0.0842659465604313,0.915734053439712,5568
LDL_CAD_EUR,EUR,1,rs6511720,19,11202306,stringent,0,3.11979800075142e-18,0,0.479221207584148,0.520778792415803,5568
LDL_CAD_EUR,EUR,1,rs6511720,19,11202306,liberal,0,5.93601620730723e-20,0,0.00911810589794496,0.990881894102361,5568
LDL_CAD_EUR,EUR,2,rs11591147,1,55505647,primary,0,1.1879084541381e-22,0,2.26363196169643e-08,0.999999977363587,6300
LDL_CAD_EUR,EUR,2,rs11591147,1,55505647,stringent,0,1.18790821212971e-21,0,2.2636315005347e-07,0.999999773636799,6300
LDL_CAD_EUR,EUR,2,rs11591147,1,55505647,liberal,0,1.18790847833913e-23,0,2.26363200781296e-09,0.999999997736268,6300
LDL_CAD_EUR,EUR,3,rs4970834,1,109814880,primary,0,5.35767632315178e-17,0,0.00276541708732539,0.997234582912513,5119
LDL_CAD_EUR,EUR,3,rs4970834,1,109814880,stringent,0,5.2275686540246e-16,0,0.0269826074011539,0.973017392598716,5119
LDL_CAD_EUR,EUR,3,rs4970834,1,109814880,liberal,0,5.37104418277786e-18,0,0.000277231703894643,0.999722768296236,5119
LDL_AIS_EUR,EUR,1,rs6511720,19,11202306,primary,0,0.0204309038267102,0,0.243475727999543,0.736093368173361,478
LDL_AIS_EUR,EUR,1,rs6511720,19,11202306,stringent,0,0.060533147242846,0,0.721375432925652,0.218091419831623,478
LDL_AIS_EUR,EUR,1,rs6511720,19,11202306,liberal,0,0.00267951891272948,0,0.0319319117499073,0.96538856933757,478
LDL_AIS_EUR,EUR,2,rs11591147,1,55505647,primary,0,0.937887346287407,0,0.0167753948412858,0.0453372588713838,808
LDL_AIS_EUR,EUR,2,rs11591147,1,55505647,stringent,0,0.977784404487357,0,0.0174890081627144,0.00472658734997432,808
LDL_AIS_EUR,EUR,2,rs11591147,1,55505647,liberal,0,0.666096458241891,0,0.0119140439772663,0.321989497780969,808
LDL_AIS_EUR,EUR,3,rs4970834,1,109814880,primary,0,0.741466952507825,0,0.252405907494308,0.00612713999781144,610
LDL_AIS_EUR,EUR,3,rs4970834,1,109814880,stringent,0,0.745578389361607,0,0.253805499137165,0.000616111501060003,610
LDL_AIS_EUR,EUR,3,rs4970834,1,109814880,liberal,0,0.702716188326473,0,0.239214595641217,0.0580692160323728,610
LDL_LAS_EUR,EUR,1,rs6511720,19,11202306,primary,0,0.681045454570621,0,0.220228985905391,0.0987255595236706,480
LDL_LAS_EUR,EUR,1,rs6511720,19,11202306,stringent,0,0.74745947387193,0,0.241705220747675,0.0108353053799874,480
LDL_LAS_EUR,EUR,1,rs6511720,19,11202306,liberal,0,0.360621987308787,0,0.116613970517244,0.522764042174305,480
LDL_LAS_EUR,EUR,2,rs11591147,1,55505647,primary,0,0.905893823106625,0,0.0348771760849333,0.059229000808263,820
LDL_LAS_EUR,EUR,2,rs11591147,1,55505647,stringent,0,0.956902567770925,0,0.0368410276138324,0.00625640461544944,820
LDL_LAS_EUR,EUR,2,rs11591147,1,55505647,liberal,0,0.590905266527701,0,0.0227500248975374,0.386344708574664,820
LDL_LAS_EUR,EUR,3,rs4970834,1,109814880,primary,0,0.65931461941969,0,0.0721541621313747,0.268531218448937,611
LDL_LAS_EUR,EUR,3,rs4970834,1,109814880,stringent,0,0.869438976333229,0,0.0951497798075533,0.0354112438591421,611
LDL_LAS_EUR,EUR,3,rs4970834,1,109814880,liberal,0,0.192963677207483,0,0.0211175848989209,0.785918737893514,611
LDL_CES_EUR,EUR,1,rs6511720,19,11202306,primary,0,0.656209249058445,0,0.26607029005983,0.0777204608817119,479
LDL_CES_EUR,EUR,1,rs6511720,19,11202306,stringent,0,0.70556220697473,0,0.286081217743244,0.00835657528226817,479
LDL_CES_EUR,EUR,1,rs6511720,19,11202306,liberal,0,0.386122606589496,0,0.156559442100723,0.457317951309361,479
LDL_CES_EUR,EUR,2,rs11591147,1,55505647,primary,0,0.924065129423833,0,0.0318897786787163,0.0440450918972992,817
LDL_CES_EUR,EUR,2,rs11591147,1,55505647,stringent,0,0.962207599347582,0,0.033206087329911,0.00458631332230388,817
LDL_CES_EUR,EUR,2,rs11591147,1,55505647,liberal,0,0.661745397725274,0,0.0228370421122546,0.315417560162607,817
LDL_CES_EUR,EUR,3,rs4970834,1,109814880,primary,0,0.723153617858043,0,0.265745793179122,0.0111005889629977,610
LDL_CES_EUR,EUR,3,rs4970834,1,109814880,stringent,0,0.730451212660226,0,0.268427526452821,0.00112126088690237,610
LDL_CES_EUR,EUR,3,rs4970834,1,109814880,liberal,0,0.657468981574676,0,0.241607884804263,0.100923133621285,610
LDL_SVS_EUR,EUR,1,rs6511720,19,11202306,primary,0,0.942659239543056,0,0.038889696725916,0.0184510637309391,478
LDL_SVS_EUR,EUR,1,rs6511720,19,11202306,stringent,0,0.958577333873795,0,0.0395464026011769,0.00187626352518506,478
LDL_SVS_EUR,EUR,1,rs6511720,19,11202306,liberal,0,0.808414304811669,0,0.0333513806731027,0.158234314515442,478
LDL_SVS_EUR,EUR,2,rs11591147,1,55505647,primary,0,0.670313232601452,0,0.28673067283365,0.0429560945650945,805
LDL_SVS_EUR,EUR,2,rs11591147,1,55505647,stringent,0,0.697270030221486,0,0.29826161142043,0.00446835835827801,805
LDL_SVS_EUR,EUR,2,rs11591147,1,55505647,liberal,0,0.483420516000931,0,0.206786145749492,0.309793338249477,805
LDL_SVS_EUR,EUR,3,rs4970834,1,109814880,primary,0,0.956547541565891,0,0.0287094541735066,0.0147430042607059,609
LDL_SVS_EUR,EUR,3,rs4970834,1,109814880,stringent,0,0.969410360533863,0,0.0290955139307651,0.00149412553528934,609
LDL_SVS_EUR,EUR,3,rs4970834,1,109814880,liberal,0,0.844494118130261,0,0.0253463253322119,0.130159556537591,609
NC3_LDL_FRACT_EUR,EUR,1,rs6511720,19,11202306,primary,0,0.716647023216511,0,0.251506214210519,0.0318467625733605,5568
NC3_LDL_FRACT_EUR,EUR,1,rs6511720,19,11202306,stringent,0,0.737793730811892,0,0.25892762000449,0.00327864918322192,5568
NC3_LDL_FRACT_EUR,EUR,1,rs6511720,19,11202306,liberal,0,0.556999380109469,0,0.195478109683873,0.247522510206337,5568
NC3_LDL_FRACT_EUR,EUR,2,rs11591147,1,55505647,primary,0,0.754845230052735,0,0.233614998247759,0.0115397716996479,6300
NC3_LDL_FRACT_EUR,EUR,2,rs11591147,1,55505647,stringent,0,0.762767173187215,0,0.236066738893124,0.00116608791949953,6300
NC3_LDL_FRACT_EUR,EUR,2,rs11591147,1,55505647,liberal,0,0.6838246110099,0,0.211635019925464,0.104540369064829,6300
NC3_LDL_FRACT_EUR,EUR,3,rs4970834,1,109814880,primary,0,0.730894995005059,0,0.2652013529623,0.0039036520324714,5119
NC3_LDL_FRACT_EUR,EUR,3,rs4970834,1,109814880,stringent,0,0.733471892143472,0,0.266136366353036,0.000391741503511833,5119
NC3_LDL_FRACT_EUR,EUR,3,rs4970834,1,109814880,liberal,0,0.706088094962277,0,0.256200301512904,0.0377116035249897,5119
TG_CAD_EUR,EUR,1,rs12280724,11,116613423,primary,0,4.00905519324475e-10,0,0.00125697931077917,0.998743020287891,6358
TG_CAD_EUR,EUR,1,rs12280724,11,116613423,stringent,0,3.96420882267978e-09,0,0.0124291840185013,0.987570812017027,6358
TG_CAD_EUR,EUR,1,rs12280724,11,116613423,liberal,0,4.01359570077839e-11,0,0.000125840291902478,0.999874159667841,6358
TG_CAD_EUR,EUR,2,rs116843064,19,8429323,primary,0,6.24686470578619e-05,0,6.59268535905964e-05,0.999871604499251,5721
TG_CAD_EUR,EUR,2,rs116843064,19,8429323,stringent,0,0.000623965441381489,0,0.000658507591199259,0.998717526967397,5721
TG_CAD_EUR,EUR,2,rs116843064,19,8429323,liberal,0,6.24758665160061e-06,0,6.59344727112673e-06,0.999987158966088,5721
TG_CAD_EUR,EUR,3,rs71556711,7,72854549,primary,0,0.854082247992783,0,0.140392006068393,0.00552574593881974,3280
TG_CAD_EUR,EUR,3,rs71556711,7,72854549,stringent,0,0.858350974462939,0,0.141093689160286,0.000555336376838173,3280
TG_CAD_EUR,EUR,3,rs71556711,7,72854549,liberal,0,0.813619553501294,0,0.133740844703146,0.0526396017956173,3280
TC_CAD_EUR,EUR,1,rs11591147,1,55505647,primary,0,1.1879084541381e-22,0,2.26363196169643e-08,0.999999977363587,6305
TC_CAD_EUR,EUR,1,rs11591147,1,55505647,stringent,0,1.18790821212971e-21,0,2.2636315005347e-07,0.999999773636799,6305
TC_CAD_EUR,EUR,1,rs11591147,1,55505647,liberal,0,1.18790847833913e-23,0,2.26363200781296e-09,0.999999997736268,6305
TC_CAD_EUR,EUR,2,rs964184,11,116648917,primary,0,4.00905519326572e-10,0,0.00125697930654556,0.99874302029266,6340
TC_CAD_EUR,EUR,2,rs964184,11,116648917,stringent,0,3.96420882284744e-09,0,0.0124291839770994,0.987570812058793,6340
TC_CAD_EUR,EUR,2,rs964184,11,116648917,liberal,0,4.0135957007793e-11,0,0.000125840291478008,0.999874159668295,6340
TC_CAD_EUR,EUR,3,rs13392272,2,21217490,primary,0,0.19965565838428,0,0.79948526758597,0.000859074029750854,5698
TC_CAD_EUR,EUR,3,rs13392272,2,21217490,stringent,0,0.19981014492002,0,0.800103881204859,8.59738751061013e-05,5698
TC_CAD_EUR,EUR,3,rs13392272,2,21217490,liberal,0,0.198123831042967,0,0.793351339793611,0.0085248291634282,5698
DBP_AIS_EUR,EUR,1,rs3184504,12,111884608,primary,1.18221152997384e-182,1.02099447063328e-10,5.23568968231132e-175,0.00352522890051914,0.996474770997388,236
DBP_AIS_EUR,EUR,1,rs3184504,12,111884608,stringent,1.1458568594692e-181,9.8959745188846e-10,5.07468484651074e-174,0.0341682314411897,0.965831767569237,236
DBP_AIS_EUR,EUR,1,rs3184504,12,111884608,liberal,1.1859742778023e-183,1.0242440961274e-11,5.25235385744672e-176,0.000353644901388627,0.999646355088394,236
DBP_AIS_EUR,EUR,2,rs16998073,4,81184341,primary,9.38447840088548e-139,0.934125526674803,6.13117411192767e-141,0.00604310371295907,0.0598313696122567,400
DBP_AIS_EUR,EUR,2,rs16998073,4,81184341,stringent,9.91857619965107e-139,0.987289311198053,6.48011695745866e-141,0.0063870342174503,0.00632365458449631,400
DBP_AIS_EUR,EUR,2,rs16998073,4,81184341,liberal,6.09982853827884e-139,0.607173388071102,3.98520932368111e-141,0.00392796433785903,0.388898647591019,400
DBP_AIS_EUR,EUR,3,rs17037429,1,11873787,primary,2.46802768055464e-100,0.965854886665456,3.35823444207883e-102,0.0131213212959268,0.0210237920386277,618
DBP_AIS_EUR,EUR,3,rs17037429,1,11873787,stringent,2.51562689558417e-100,0.984482690072983,3.42300248523633e-102,0.0133743835280716,0.00214292639893143,618
DBP_AIS_EUR,EUR,3,rs17037429,1,11873787,liberal,2.07534338999472e-100,0.81217912202864,2.82391064992214e-102,0.0110336069704773,0.176787271000887,618
SBP_AIS_EUR,EUR,1,rs16998073,4,81184341,primary,9.1100502390954e-130,0.914735647027131,5.80847079849617e-132,0.00575274524558747,0.0795116077272572,397
SBP_AIS_EUR,EUR,1,rs16998073,4,81184341,stringent,9.81221686345963e-130,0.985239851131548,6.25616474378261e-132,0.00619614408575925,0.00856400478269655,397
SBP_AIS_EUR,EUR,1,rs16998073,4,81184341,liberal,5.31011104296668e-130,0.533185628310691,3.3856701247903e-132,0.00335318853949607,0.463461183149813,397
SBP_AIS_EUR,EUR,2,rs17037429,1,11873787,primary,9.98893672109136e-101,0.967725973484391,1.32654179222083e-102,0.0128320654925584,0.0194419610230606,609
SBP_AIS_EUR,EUR,2,rs17037429,1,11873787,stringent,1.01668335851526e-100,0.98496058220806,1.35016669159415e-102,0.0130605967441114,0.00197882104782106,609
SBP_AIS_EUR,EUR,2,rs17037429,1,11873787,liberal,8.50138445427293e-101,0.823612239889882,1.12899321371388e-102,0.0109211145430832,0.165466645567029,609
SBP_AIS_EUR,EUR,3,rs17249754,12,90060586,primary,9.81917789267759e-91,0.547108092047397,7.12446182755282e-91,0.396907056243973,0.0559848517086355,428
SBP_AIS_EUR,EUR,3,rs17249754,12,90060586,stringent,1.03401820979312e-90,0.5761375708694,7.5024847753896e-91,0.417966889119813,0.00589554001078508,428
SBP_AIS_EUR,EUR,3,rs17249754,12,90060586,liberal,6.52930057340744e-91,0.363801656122843,4.73743863328411e-91,0.263924892516287,0.372273451360857,428
HBA1C_T2D_EAS,EAS,1,rs1046896,17,80685533,primary,8.39514401418825e-17,0.79310701560309,2.05207588009003e-17,0.193850907642118,0.0130420767547906,447
HBA1C_T2D_EAS,EAS,1,rs1046896,17,80685533,stringent,8.49485551608374e-17,0.802526972134625,2.07644896620522e-17,0.19615332974615,0.00131969811922677,447
HBA1C_T2D_EAS,EAS,1,rs1046896,17,80685533,liberal,7.5132487162695e-17,0.709792501090338,1.83650887295288e-17,0.173487206476547,0.116720292433118,447
HBA1C_T2D_EAS,EAS,2,rs4144858,2,169771518,primary,6.28785553836642e-11,0.982461283028647,8.17724063226156e-13,0.01277196177208,0.00476675513557805,627
HBA1C_T2D_EAS,EAS,2,rs4144858,2,169771518,stringent,6.31494716451102e-11,0.986694280052664,8.2124727944434e-13,0.0128269905829919,0.000478729300373802,627
HBA1C_T2D_EAS,EAS,2,rs4144858,2,169771518,liberal,6.02919813769015e-11,0.942046728307613,7.84086143370344e-13,0.0122465739966539,0.0457066976346575,627
HBA1C_T2D_EAS,EAS,3,rs12117903,1,156311165,primary,1.72605496454621e-14,0.0306069616413203,1.53066446852747e-14,0.0261990405406221,0.943193997818024,441
HBA1C_T2D_EAS,EAS,3,rs12117903,1,156311165,stringent,1.14213424223673e-13,0.202526916346309,1.0128439353262e-13,0.173359608644095,0.624113475009379,441
HBA1C_T2D_EAS,EAS,3,rs12117903,1,156311165,liberal,1.81905487629074e-15,0.0032256065980335,1.61313673239362e-15,0.00276106459113176,0.994013328810833,441
HBA1C_T2D_EUR,EUR,1,rs16926246,10,71093392,primary,1.11253692929945e-308,1.73004620877557e-22,5.30006583050071e-297,1,1.7889241805526e-18,4812
HBA1C_T2D_EUR,EUR,1,rs16926246,10,71093392,stringent,1.11253692929945e-308,1.73004620877557e-22,5.30006583050071e-297,1,1.78892418055262e-19,4812
HBA1C_T2D_EUR,EUR,1,rs16926246,10,71093392,liberal,1.11253692929945e-308,1.73004620877557e-22,5.30006583050071e-297,1,1.78892418055258e-17,4812
HBA1C_T2D_EUR,EUR,2,rs1046917,17,80685655,primary,9.58419502365679e-115,0.0595506537668129,3.00661097772809e-114,0.186059055078287,0.754390291154921,4716
HBA1C_T2D_EUR,EUR,2,rs1046917,17,80685655,stringent,2.98527727738129e-114,0.185487892415026,9.36496744023136e-114,0.57953523275064,0.234976874834357,4716
HBA1C_T2D_EUR,EUR,2,rs1046917,17,80685655,liberal,1.23039726497958e-115,0.00764497814804235,3.85981912380052e-115,0.0238858403786596,0.968469181473318,4716
HBA1C_T2D_EUR,EUR,3,rs857725,1,158607935,primary,1.46458702287847e-43,0.349041777313926,5.30370427596584e-44,0.125873301648869,0.525084921037207,4761
HBA1C_T2D_EUR,EUR,3,rs857725,1,158607935,stringent,2.77687062775159e-43,0.661786458667593,1.00558726741034e-43,0.238656951554776,0.0995565897776272,4761
HBA1C_T2D_EUR,EUR,3,rs857725,1,158607935,liberal,2.55788912862953e-44,0.0609598578768035,9.26287567555807e-45,0.021983668081365,0.917056474041834,4761
LPA_CAVS_EUR,EUR,1,rs688359,6,160465291,primary,0,1.24154621500561e-07,0,0.998973503252263,0.00102637259332217,490
LPA_CAVS_EUR,EUR,1,rs688359,6,160465291,stringent,0,1.2426941354876e-07,0,0.999897143573898,0.000102732156655198,490
LPA_CAVS_EUR,EUR,1,rs688359,6,160465291,liberal,0,1.23018258380615e-07,0,0.989830092937135,0.0101697840446032,490
LPA_CAVS_EUR,EUR,2,rs4803750,19,45247627,primary,6.74510110908526e-12,0.971727007810193,9.93191748834786e-14,0.0142943501831538,0.0139786419998082,315
LPA_CAVS_EUR,EUR,2,rs4803750,19,45247627,stringent,6.83104091700361e-12,0.984107850002136,1.00584607480271e-13,0.0144764755048044,0.00141567448612768,315
LPA_CAVS_EUR,EUR,2,rs4803750,19,45247627,liberal,5.99134349655879e-12,0.863137586007762,8.82203665887542e-14,0.0126969723095799,0.124165441676578,315
LPA_CAVS_EUR,EUR,3,rs7205804,16,57004889,primary,0.000507099291524136,0.973112275056091,7.70947663085387e-06,0.0147827241940499,0.0115901919817042,437
LPA_CAVS_EUR,EUR,3,rs7205804,16,57004889,stringent,0.000512444690634146,0.983369977198387,7.7907432194885e-06,0.0149385507985653,0.00117123656919408,437
LPA_CAVS_EUR,EUR,3,rs7205804,16,57004889,liberal,0.000459199407868418,0.881193462432548,6.98125034492382e-06,0.0133863689223213,0.104953987986918,437
