pair,b_MRAPSS,se_MRAPSS,b_IVW,se_IVW,abs_dbeta,C_off_diag,empirical_stratum
SBP_AIS_EUR,0.0355,0.0031,0.0334844927988825,0.00251107192545782,0.0020155072011174974,0.0458,high (empirical |C|>=0.03)
HDL_CAD_EUR,-0.384924180915877,0.0904508950165908,-0.0350161522449555,0.01716727512587,0.34990802867092147,-0.0422294480475081,high (empirical |C|>=0.03)
BMI_T2D_EUR,0.922956899951643,0.0564582065983261,0.876117682052138,0.0510833006414011,0.04683921789950496,0.041861233738856,high (empirical |C|>=0.03)
DBP_AIS_EUR,0.0449,0.0054,0.0484394360698814,0.00439099786577864,0.0035394360698813992,0.0415,high (empirical |C|>=0.03)
HBA1C_T2D_EAS,1.25028157469475,0.688337648046575,1.39701239834357,0.891249435710597,0.14673082364882006,0.0369313161397577,high (empirical |C|>=0.03)
TG_CAD_EUR,0.496836692254982,0.0596226747512965,0.366634100918594,0.0342714182927483,0.130202591336388,0.0369130412280053,high (empirical |C|>=0.03)
HBA1C_T2D_EUR,1.32267630019272,0.673453813648467,1.50558036537531,0.529019243434389,0.18290406518258995,0.0355524383425384,high (empirical |C|>=0.03)
TC_CAD_EUR,0.22799482817763,0.0522363063559348,0.334284562530268,0.0380964269316283,0.106289734352638,0.0285126209360036,mid (0.02-0.03)
LDL_CAD_EUR,0.387968381786924,0.0549631850029551,0.429404515228057,0.0381118982353806,0.041436133441133005,0.0274738348297925,mid (0.02-0.03)
URATE_GOUT_EAS,2.29088311690581,0.25643589662056,2.09912756395587,0.0954971263739782,0.19175555294993973,0.0247528049009971,mid (0.02-0.03)
URATE_GOUT_EAS2,2.69392852440131,0.297510835884618,2.50945690132726,0.122854908120855,0.18447162307404996,0.0242150813395797,mid (0.02-0.03)
URATE_GOUT_TRANS_EUR,1.28889151892946,0.121809566650132,1.22235367334473,0.0788445177928667,0.06653784558473008,0.0229685204249865,mid (0.02-0.03)
URATE_GOUT_EUR,1.21267213415297,0.123751287274693,1.2769755455231,0.058992391990346,0.06430341137012996,0.0219984887681254,mid (0.02-0.03)
TC_CAD_EAS,0.140388329195677,0.116383845951062,0.475808060531469,0.0774278209546377,0.335419731335792,0.0178929639338576,low (empirical C<0.02)
LDL_CAD_EAS,0.468074747119422,0.136147646971086,0.614872742518683,0.116554890110705,0.14679799539926097,0.0167562960653823,low (empirical C<0.02)
TG_CAD_EAS,0.39081260574429,0.206177325265398,0.227414740443551,0.0706220471278447,0.163397865300739,0.0129064340899722,low (empirical C<0.02)
LDL_LAS_EUR,0.130504649296668,0.124311396835311,0.335919803498187,0.0833304062751076,0.205415154201519,0.00778498292795762,low (empirical C<0.02)
HDL_CAD_EAS,-0.267647337218927,0.0950516988458701,-0.202054860617632,0.0702275513084779,0.06559247660129497,-0.00618349286924855,low (empirical C<0.02)
LDL_CES_EUR,-0.155505669960804,0.0992751192711449,0.0390098633365133,0.0645421104416487,0.1945155332973173,-0.00580390581140667,low (empirical C<0.02)
LPA_CAVS_EUR,0.111958050026453,0.446170422640812,0.239752613942561,0.0715433377701051,0.127794563916108,-0.00502219253510004,low (empirical C<0.02)
NC3_LDL_FRACT_EUR,0.104986603142367,0.0485706971896411,0.0737814064908163,0.029958558617096,0.031205196651550707,0.00481787370171056,low (empirical C<0.02)
LDL_AIS_EUR,0.0232917437640271,0.0553147321741824,0.103544745474598,0.0365510070585626,0.0802530017105709,-0.00384790109364451,low (empirical C<0.02)
LDL_AIS_EAS,0.102825481598423,0.0864829446487923,-0.0454498685646202,0.0665314892243306,0.14827535016304322,0.0011993592940964,low (empirical C<0.02)
LDL_SVS_EUR,0.0664047615083073,0.116337490548546,0.0689687837867461,0.0711594320702172,0.002564022278438799,-2.8597769555432e-05,low (empirical C<0.02)
