pair,ancestry,method,b,se,pval,nsnp,note
BMI_T2D_EUR,EUR,Inverse variance weighted,0.876117682052138,0.0510833006414011,6.20305333286682e-66,471,""
BMI_T2D_EUR,EUR,MR Egger,1.10434464486396,0.132540345802297,8.83406959040156e-16,471,""
BMI_T2D_EUR,EUR,Weighted median,0.937299956778773,0.0398976330976041,4.85247450370709e-122,471,""
BMI_T2D_EUR,EUR,Weighted mode,0.920818788257799,0.241457388622224,0.000155221989689178,471,""
BMI_T2D_EUR,EUR,MR-Egger intercept,-0.00400174754113982,0.00214540881052696,0.0627690266264622,471,""
BMI_T2D_EUR,EUR,Q (MR Egger),3472.89025044007,469,0,471,"b=Q, se=df"
BMI_T2D_EUR,EUR,Q (Inverse variance weighted),3498.65331194055,470,0,471,"b=Q, se=df"
BMI_T2D_EUR,EUR,MR-PRESSO (raw),0.876117682052138,0.0510833006414011,1.47128767923967e-51,471,""
BMI_T2D_EUR,EUR,MR-PRESSO (outlier-corrected),0.913486114016102,0.0294936049476124,1.13625090115871e-111,432,n_outliers=39
BMI_T2D_EUR,EUR,MR-PRESSO Global,,,<0.001,471,Global pleiotropy test
BMI_T2D_EUR,EUR,Radial-IVW,0.875574692007557,0.0512047521244526,1.49731431992297e-65,471,""
DBP_AIS_EUR,EUR,Inverse variance weighted,0.0484394360698814,0.00439099786577864,2.69237274685173e-28,399,""
DBP_AIS_EUR,EUR,MR Egger,0.0622596345242818,0.010860464459551,1.95910025448676e-08,399,""
DBP_AIS_EUR,EUR,Weighted median,0.0532597577218484,0.00580724653453744,4.67529536198127e-20,399,""
DBP_AIS_EUR,EUR,Weighted mode,0.0683224126524515,0.0262320719056686,0.00954435413146446,399,""
DBP_AIS_EUR,EUR,MR-Egger intercept,-0.00271970155565631,0.00195522330205033,0.165006693318911,399,""
DBP_AIS_EUR,EUR,Q (MR Egger),727.604217126024,397,9.16613742102174e-22,399,"b=Q, se=df"
DBP_AIS_EUR,EUR,Q (Inverse variance weighted),731.150345644645,398,5.5066873224654e-22,399,"b=Q, se=df"
DBP_AIS_EUR,EUR,MR-PRESSO (raw),0.0484394360698814,0.00439099786577864,7.18294860844279e-25,399,""
DBP_AIS_EUR,EUR,MR-PRESSO (outlier-corrected),0.0478914166897983,0.00410301878108212,3.19974428714431e-27,393,n_outliers=6
DBP_AIS_EUR,EUR,MR-PRESSO Global,,,<0.001,399,Global pleiotropy test
DBP_AIS_EUR,EUR,Radial-IVW,0.0484386540275326,0.00439097518442886,2.69600163139903e-28,399,""
HBA1C_T2D_EAS,EAS,Inverse variance weighted,1.39701239834357,0.891249435710597,0.117003393688128,10,""
HBA1C_T2D_EAS,EAS,MR Egger,1.19409185661459,4.83079202619994,0.810991617349247,10,""
HBA1C_T2D_EAS,EAS,Weighted median,0.364816580476686,0.165443556545225,0.0274483528436963,10,""
HBA1C_T2D_EAS,EAS,Weighted mode,0.297483364578696,0.714070341652736,0.686729418004052,10,""
HBA1C_T2D_EAS,EAS,MR-Egger intercept,0.00439297391109217,0.102559152333202,0.966883998066591,10,""
HBA1C_T2D_EAS,EAS,Q (MR Egger),660.992567268842,8,1.78067372087391e-137,10,"b=Q, se=df"
HBA1C_T2D_EAS,EAS,Q (Inverse variance weighted),661.14415881822,9,1.55155065193748e-136,10,"b=Q, se=df"
HBA1C_T2D_EAS,EAS,MR-PRESSO (raw),1.39701239834357,0.891249435710597,0.151446900674768,10,""
HBA1C_T2D_EAS,EAS,MR-PRESSO (outlier-corrected),0.849031875911657,0.283719626480039,0.0958782091072112,3,n_outliers=7
HBA1C_T2D_EAS,EAS,MR-PRESSO Global,,,<0.001,10,Global pleiotropy test
HBA1C_T2D_EAS,EAS,Radial-IVW,1.37836407754017,0.882801437084346,0.118440643682994,10,""
HBA1C_T2D_EUR,EUR,Inverse variance weighted,1.50558036537531,0.529019243434389,0.00442744028898225,32,""
HBA1C_T2D_EUR,EUR,MR Egger,0.848516926621522,0.978757493309274,0.392860245304845,32,""
HBA1C_T2D_EUR,EUR,Weighted median,0.736809406595069,0.124520948555745,3.27563524510843e-09,32,""
HBA1C_T2D_EUR,EUR,Weighted mode,0.695102947174817,0.756766647897852,0.365440140408781,32,""
HBA1C_T2D_EUR,EUR,MR-Egger intercept,0.0123486160904266,0.0154384336368686,0.430079149321768,32,""
HBA1C_T2D_EUR,EUR,Q (MR Egger),1485.7550705785,30,4.29605413807062e-294,32,"b=Q, se=df"
HBA1C_T2D_EUR,EUR,Q (Inverse variance weighted),1517.44024291901,31,5.45449430677565e-300,32,"b=Q, se=df"
HBA1C_T2D_EUR,EUR,MR-PRESSO (raw),1.50558036537531,0.529019243434389,0.00778174807896078,32,""
HBA1C_T2D_EUR,EUR,MR-PRESSO (outlier-corrected),0.937598169304789,0.163817088059978,6.75091136216411e-06,25,n_outliers=7
HBA1C_T2D_EUR,EUR,MR-PRESSO Global,,,<0.001,32,Global pleiotropy test
HBA1C_T2D_EUR,EUR,Radial-IVW,1.51051983640043,0.532564738805839,0.0045637817661639,32,""
HDL_CAD_EUR,EUR,Inverse variance weighted,-0.0350161522449555,0.01716727512587,0.0413798598165459,417,""
HDL_CAD_EUR,EUR,MR Egger,0.0155880107751845,0.0217718383950846,0.474411751740936,417,""
HDL_CAD_EUR,EUR,Weighted median,-0.00178042908662429,0.0171551669175171,0.917340891571912,417,""
HDL_CAD_EUR,EUR,Weighted mode,-0.0251243943254167,0.211529751199423,0.90551114214153,417,""
HDL_CAD_EUR,EUR,MR-Egger intercept,-0.00330966468800275,0.000896705861579942,0.000253247822406218,417,""
HDL_CAD_EUR,EUR,Q (MR Egger),1133.75469275317,415,4.94239435806801e-68,417,"b=Q, se=df"
HDL_CAD_EUR,EUR,Q (Inverse variance weighted),1170.97148827214,416,5.33755547100664e-73,417,"b=Q, se=df"
HDL_CAD_EUR,EUR,MR-PRESSO (raw),-0.0350161522449555,0.01716727512587,0.0420111264594369,417,""
HDL_CAD_EUR,EUR,MR-PRESSO (outlier-corrected),-0.00918121135056316,0.0139105216305029,0.509625205407543,397,n_outliers=20
HDL_CAD_EUR,EUR,MR-PRESSO Global,,,<0.001,417,Global pleiotropy test
HDL_CAD_EUR,EUR,Radial-IVW,-0.035155437402682,0.0171967982982806,0.0409237892595346,417,""
LDL_AIS_EUR,EUR,Inverse variance weighted,0.103544745474598,0.0365510070585626,0.00461301921959585,244,""
LDL_AIS_EUR,EUR,MR Egger,0.197753093640367,0.053166824265321,0.000248170866271005,244,""
LDL_AIS_EUR,EUR,Weighted median,0.139121200000966,0.0527819471243146,0.00839460143548584,244,""
LDL_AIS_EUR,EUR,Weighted mode,0.180310102302835,0.385381368048881,0.640293705847272,244,""
LDL_AIS_EUR,EUR,MR-Egger intercept,-0.00371423877566898,0.00153552346528473,0.0163072782349613,244,""
LDL_AIS_EUR,EUR,Q (MR Egger),416.237451021587,242,2.25961263335284e-11,244,"b=Q, se=df"
LDL_AIS_EUR,EUR,Q (Inverse variance weighted),426.301031209508,243,3.35997081189466e-12,244,"b=Q, se=df"
LDL_AIS_EUR,EUR,MR-PRESSO (raw),0.103544745474598,0.0365510070585626,0.00500018435278847,244,""
LDL_AIS_EUR,EUR,MR-PRESSO (outlier-corrected),0.0890248444061194,0.0316509258089059,0.00532271179331752,239,n_outliers=5
LDL_AIS_EUR,EUR,MR-PRESSO Global,,,<0.001,244,Global pleiotropy test
LDL_AIS_EUR,EUR,Radial-IVW,0.103547091779253,0.0365508981376664,0.0046119711662083,244,""
LDL_CAD_EUR,EUR,Inverse variance weighted,0.429404515228057,0.0381118982353806,1.91093711144394e-29,249,""
LDL_CAD_EUR,EUR,MR Egger,0.553531945425165,0.0528562047922783,1.77964956950067e-21,249,""
LDL_CAD_EUR,EUR,Weighted median,0.474093785250867,0.03774671700199,3.50917446895282e-36,249,""
LDL_CAD_EUR,EUR,Weighted mode,0.481267103510962,0.471133311922947,0.308008584843121,249,""
LDL_CAD_EUR,EUR,MR-Egger intercept,-0.0054008247432649,0.00162666280529982,0.00103549325783099,249,""
LDL_CAD_EUR,EUR,Q (MR Egger),1050.75100193025,247,1.46485539570754e-99,249,"b=Q, se=df"
LDL_CAD_EUR,EUR,Q (Inverse variance weighted),1097.64615482287,248,4.21515036632844e-107,249,"b=Q, se=df"
LDL_CAD_EUR,EUR,MR-PRESSO (raw),0.429404515228057,0.0381118982353806,4.74572077827594e-24,249,""
LDL_CAD_EUR,EUR,MR-PRESSO (outlier-corrected),0.405042190894696,0.0296830280285798,1.61426785633338e-31,233,n_outliers=16
LDL_CAD_EUR,EUR,MR-PRESSO Global,,,<0.001,249,Global pleiotropy test
LDL_CAD_EUR,EUR,Radial-IVW,0.429499461110902,0.0381408320378299,2.04696444746772e-29,249,""
LDL_CES_EUR,EUR,Inverse variance weighted,0.0390098633365133,0.0645421104416487,0.545571435326915,244,""
LDL_CES_EUR,EUR,MR Egger,0.202110090151499,0.0950103996536109,0.0344117091708556,244,""
LDL_CES_EUR,EUR,Weighted median,0.103753981938126,0.0921604356993407,0.260251270962556,244,""
LDL_CES_EUR,EUR,Weighted mode,0.108530605392711,0.608884351842854,0.858679059116316,244,""
LDL_CES_EUR,EUR,MR-Egger intercept,-0.00626468670485728,0.00269834749847887,0.0210815146071995,244,""
LDL_CES_EUR,EUR,Q (MR Egger),343.362882993793,242,1.92895960753875e-05,244,"b=Q, se=df"
LDL_CES_EUR,EUR,Q (Inverse variance weighted),351.010760761572,243,6.88866343672182e-06,244,"b=Q, se=df"
LDL_CES_EUR,EUR,MR-PRESSO (raw),0.0390098633365133,0.0645421104416487,0.546135336753539,244,""
LDL_CES_EUR,EUR,MR-PRESSO (outlier-corrected),0.00402359063072949,0.0618511409420746,0.948185879876655,242,n_outliers=2
LDL_CES_EUR,EUR,MR-PRESSO Global,,,<0.001,244,Global pleiotropy test
LDL_CES_EUR,EUR,Radial-IVW,0.0390100028690935,0.0645421025516997,0.545569949251713,244,""
LDL_LAS_EUR,EUR,Inverse variance weighted,0.335919803498187,0.0833304062751076,5.54976997551404e-05,245,""
LDL_LAS_EUR,EUR,MR Egger,0.522021772703574,0.122367174442186,2.85219129717309e-05,245,""
LDL_LAS_EUR,EUR,Weighted median,0.30842187588598,0.119716856090239,0.00998752044895493,245,""
LDL_LAS_EUR,EUR,Weighted mode,0.247687344027627,0.824398577867078,0.764092726757837,245,""
LDL_LAS_EUR,EUR,MR-Egger intercept,-0.00722674950002309,0.00349952192405948,0.0399774887097842,245,""
LDL_LAS_EUR,EUR,Q (MR Egger),350.49549215778,243,7.48883777498839e-06,245,"b=Q, se=df"
LDL_LAS_EUR,EUR,Q (Inverse variance weighted),356.646478008069,244,3.32455397866662e-06,245,"b=Q, se=df"
LDL_LAS_EUR,EUR,MR-PRESSO (raw),0.335919803498187,0.0833304062751076,7.42193586341461e-05,245,""
LDL_LAS_EUR,EUR,MR-PRESSO (outlier-corrected),0.309662647603401,0.0789549870194811,0.000114541052563132,242,n_outliers=3
LDL_LAS_EUR,EUR,MR-PRESSO Global,,,<0.001,245,Global pleiotropy test
LDL_LAS_EUR,EUR,Radial-IVW,0.335927367606622,0.083330267490475,5.54746817190073e-05,245,""
LDL_SVS_EUR,EUR,Inverse variance weighted,0.0689687837867461,0.0711594320702172,0.332437964734492,243,""
LDL_SVS_EUR,EUR,MR Egger,0.106253476610739,0.104338579940975,0.309531570455343,243,""
LDL_SVS_EUR,EUR,Weighted median,0.0228951436250324,0.109464230961663,0.834326153451036,243,""
LDL_SVS_EUR,EUR,Weighted mode,0.0465074015995342,0.721324369904465,0.948645225237648,243,""
LDL_SVS_EUR,EUR,MR-Egger intercept,-0.00148359224591518,0.00303219065355031,0.625088020938017,243,""
LDL_SVS_EUR,EUR,Q (MR Egger),307.829778141694,241,0.00232288583934808,243,"b=Q, se=df"
LDL_SVS_EUR,EUR,Q (Inverse variance weighted),308.13555857157,242,0.00256495637195933,243,"b=Q, se=df"
LDL_SVS_EUR,EUR,MR-PRESSO (raw),0.0689687837867461,0.0711594320702172,0.33340562811127,243,""
LDL_SVS_EUR,EUR,MR-PRESSO (outlier-corrected),0.0865675199762588,0.0691960588258944,0.212130450268688,242,n_outliers=1
LDL_SVS_EUR,EUR,MR-PRESSO Global,,,0.002,243,Global pleiotropy test
LDL_SVS_EUR,EUR,Radial-IVW,0.0689686974881694,0.0711594110715981,0.33243842702584,243,""
LPA_CAVS_EUR,EUR,Inverse variance weighted,0.239752613942561,0.0715433377701051,0.000804760577071127,9,""
LPA_CAVS_EUR,EUR,MR Egger,0.12609324899902,0.116402435606237,0.314592256710412,9,""
LPA_CAVS_EUR,EUR,Weighted median,0.241892741739188,0.0744999354957176,0.00116675420935029,9,""
LPA_CAVS_EUR,EUR,Weighted mode,0.207539261408759,0.307849700675707,0.519212170651189,9,""
LPA_CAVS_EUR,EUR,MR-Egger intercept,0.0135332707042573,0.0111196990063998,0.263018702299353,9,""
LPA_CAVS_EUR,EUR,Q (MR Egger),10.7453923789556,7,0.150116909481851,9,"b=Q, se=df"
LPA_CAVS_EUR,EUR,Q (Inverse variance weighted),13.0191476218464,8,0.111192498532308,9,"b=Q, se=df"
LPA_CAVS_EUR,EUR,MR-PRESSO (raw),0.239752613942561,0.0715433377701051,0.0100630672551509,9,""
LPA_CAVS_EUR,EUR,MR-PRESSO (outlier-corrected),,,"",9,n_outliers=0
LPA_CAVS_EUR,EUR,MR-PRESSO Global,,,0.201,9,Global pleiotropy test
LPA_CAVS_EUR,EUR,Radial-IVW,0.239758135442466,0.0715507743947171,0.000805548906775131,9,""
NC3_LDL_FRACT_EUR,EUR,Inverse variance weighted,0.0737814064908163,0.029958558617096,0.0137863613495386,249,""
NC3_LDL_FRACT_EUR,EUR,MR Egger,0.0501203887193381,0.0421398005599483,0.235430828632666,249,""
NC3_LDL_FRACT_EUR,EUR,Weighted median,0.0353676652625336,0.0415196776721588,0.394309011458794,249,""
NC3_LDL_FRACT_EUR,EUR,Weighted mode,0.0117678802357202,0.402629521510204,0.976706603877909,249,""
NC3_LDL_FRACT_EUR,EUR,MR-Egger intercept,0.00104421701852586,0.00130689757606697,0.425055450589331,249,""
NC3_LDL_FRACT_EUR,EUR,Q (MR Egger),441.228748066451,247,3.9005379934129e-13,249,"b=Q, se=df"
NC3_LDL_FRACT_EUR,EUR,Q (Inverse variance weighted),442.369169252543,248,4.06063699616486e-13,249,"b=Q, se=df"
NC3_LDL_FRACT_EUR,EUR,MR-PRESSO (raw),0.0737814064908163,0.029958558617096,0.0144667855416568,249,""
NC3_LDL_FRACT_EUR,EUR,MR-PRESSO (outlier-corrected),0.077943972242927,0.0303367383884647,0.0107859631884976,245,n_outliers=4
NC3_LDL_FRACT_EUR,EUR,MR-PRESSO Global,,,<0.001,249,Global pleiotropy test
NC3_LDL_FRACT_EUR,EUR,Radial-IVW,0.0737815322208949,0.0299589402329992,0.0137874061831684,249,""
SBP_AIS_EUR,EUR,Inverse variance weighted,0.0334844927988825,0.00251107192545782,1.45359403307102e-40,398,""
SBP_AIS_EUR,EUR,MR Egger,0.0465768526601974,0.00626361839545002,6.48010339480446e-13,398,""
SBP_AIS_EUR,EUR,Weighted median,0.0361971422531988,0.00323958286722765,5.50356522093485e-29,398,""
SBP_AIS_EUR,EUR,Weighted mode,0.0404353693277819,0.0137578997893199,0.0034843201009137,398,""
SBP_AIS_EUR,EUR,MR-Egger intercept,-0.0042931838474162,0.00188354017200282,0.0231796331398131,398,""
SBP_AIS_EUR,EUR,Q (MR Egger),670.401857399685,396,1.94695537857369e-16,398,"b=Q, se=df"
SBP_AIS_EUR,EUR,Q (Inverse variance weighted),679.197128326861,397,4.03510295548834e-17,398,"b=Q, se=df"
SBP_AIS_EUR,EUR,MR-PRESSO (raw),0.0334844927988825,0.00251107192545782,8.87558057225624e-34,398,""
SBP_AIS_EUR,EUR,MR-PRESSO (outlier-corrected),0.0323261829373307,0.00231981727211076,4.21023465176173e-36,391,n_outliers=7
SBP_AIS_EUR,EUR,MR-PRESSO Global,,,<0.001,398,Global pleiotropy test
SBP_AIS_EUR,EUR,Radial-IVW,0.0334841525255544,0.00251106519396525,1.45553981305418e-40,398,""
TC_CAD_EUR,EUR,Inverse variance weighted,0.334284562530268,0.0380964269316283,1.71366260853871e-18,381,""
TC_CAD_EUR,EUR,MR Egger,0.51094462539072,0.0560283601929194,4.49887604540513e-18,381,""
TC_CAD_EUR,EUR,Weighted median,0.419742188651719,0.0390923420727271,6.8079835319159e-27,381,""
TC_CAD_EUR,EUR,Weighted mode,0.51407711470238,0.425954944382357,0.22822855348979,381,""
TC_CAD_EUR,EUR,MR-Egger intercept,-0.00572465916538571,0.00135537340092666,3.01327582498387e-05,381,""
TC_CAD_EUR,EUR,Q (MR Egger),1543.66827038677,379,4.4433832110503e-140,381,"b=Q, se=df"
TC_CAD_EUR,EUR,Q (Inverse variance weighted),1616.32839196876,380,8.80073876160264e-152,381,"b=Q, se=df"
TC_CAD_EUR,EUR,MR-PRESSO (raw),0.334284562530268,0.0380964269316283,5.87085044567398e-17,381,""
TC_CAD_EUR,EUR,MR-PRESSO (outlier-corrected),0.28496007454513,0.0319198555205078,2.45374383119352e-17,353,n_outliers=28
TC_CAD_EUR,EUR,MR-PRESSO Global,,,<0.001,381,Global pleiotropy test
TC_CAD_EUR,EUR,Radial-IVW,0.334218315782736,0.0381104699797259,1.79104243281878e-18,381,""
TG_CAD_EUR,EUR,Inverse variance weighted,0.366634100918594,0.0342714182927483,1.04048821580776e-26,411,""
TG_CAD_EUR,EUR,MR Egger,0.270420473894182,0.0517250604343323,2.73874025210733e-07,411,""
TG_CAD_EUR,EUR,Weighted median,0.354355312844953,0.0398118132875623,5.5466609737085e-19,411,""
TG_CAD_EUR,EUR,Weighted mode,0.352931761256012,0.369958520366526,0.340657593480555,411,""
TG_CAD_EUR,EUR,MR-Egger intercept,0.00270150881825747,0.00109303573617581,0.0138586084912915,411,""
TG_CAD_EUR,EUR,Q (MR Egger),1208.65461776694,409,5.53566027039928e-80,411,"b=Q, se=df"
TG_CAD_EUR,EUR,Q (Inverse variance weighted),1226.70651964621,410,2.3418962326678e-82,411,"b=Q, se=df"
TG_CAD_EUR,EUR,MR-PRESSO (raw),0.366634100918594,0.0342714182927483,1.00954177876045e-23,411,""
TG_CAD_EUR,EUR,MR-PRESSO (outlier-corrected),0.391499765118983,0.0284337181670571,2.36304297425741e-35,386,n_outliers=25
TG_CAD_EUR,EUR,MR-PRESSO Global,,,<0.001,411,Global pleiotropy test
TG_CAD_EUR,EUR,Radial-IVW,0.366648478286175,0.0342771739508433,1.05606075599424e-26,411,""
URATE_GOUT_EUR,EUR,Inverse variance weighted,1.2769755455231,0.058992391990346,6.56539137068844e-104,87,""
URATE_GOUT_EUR,EUR,MR Egger,1.4382043549501,0.0973595375516632,3.39919012174261e-25,87,""
URATE_GOUT_EUR,EUR,Weighted median,1.02096390982953,0.0624751862968697,4.96716838119488e-60,87,""
URATE_GOUT_EUR,EUR,Weighted mode,1.02128884708172,0.438816919599398,0.0222950734281622,87,""
URATE_GOUT_EUR,EUR,MR-Egger intercept,-0.00981048509095194,0.00476223193093461,0.042451398767477,87,""
URATE_GOUT_EUR,EUR,Q (MR Egger),249.916513527587,85,3.84685496260164e-18,87,"b=Q, se=df"
URATE_GOUT_EUR,EUR,Q (Inverse variance weighted),262.394252804585,86,9.82456281696387e-20,87,"b=Q, se=df"
URATE_GOUT_EUR,EUR,MR-PRESSO (raw),1.2769755455231,0.058992391990346,1.4537038429627e-36,87,""
URATE_GOUT_EUR,EUR,MR-PRESSO (outlier-corrected),1.20497240739363,0.0614690562419863,4.35576573226287e-33,85,n_outliers=2
URATE_GOUT_EUR,EUR,MR-PRESSO Global,,,<0.001,87,Global pleiotropy test
URATE_GOUT_EUR,EUR,Radial-IVW,1.27122282851231,0.0587494489333523,7.87843571393347e-104,87,""
LDL_CAD_EUR,EUR,MR-APSS,0.387968381786924,0.0549631850029551,1.6807e-12,173,""
LDL_AIS_EUR,EUR,MR-APSS,0.0232917437640271,0.0553147321741824,0.6737,177,""
LDL_LAS_EUR,EUR,MR-APSS,0.130504649296668,0.124311396835311,0.2938,177,""
LDL_CES_EUR,EUR,MR-APSS,-0.155505669960804,0.0992751192711449,0.11725,177,""
LDL_SVS_EUR,EUR,MR-APSS,0.0664047615083073,0.116337490548546,0.56814,177,""
HDL_CAD_EUR,EUR,MR-APSS,-0.384924180915877,0.0904508950165908,2.0848e-05,109,""
TG_CAD_EUR,EUR,MR-APSS,0.496836692254982,0.0596226747512965,7.8809e-17,308,""
TC_CAD_EUR,EUR,MR-APSS,0.22799482817763,0.0522363063559348,1.2731e-05,264,""
BMI_T2D_EUR,EUR,MR-APSS,0.922956899951643,0.0564582065983261,4.5236e-60,423,""
URATE_GOUT_EUR,EUR,MR-APSS,1.21267213415297,0.123751287274693,1.134e-22,63,""
HBA1C_T2D_EUR,EUR,MR-APSS,1.32267630019272,0.673453813648467,0.049528,21,""
NC3_LDL_FRACT_EUR,EUR,MR-APSS,0.104986603142367,0.0485706971896411,0.030655,173,""
LPA_CAVS_EUR,EUR,MR-APSS,0.111958050026453,0.446170422640812,0.80187,5,""
HBA1C_T2D_EAS,EAS,MR-APSS,1.25028157469475,0.688337648046575,0.069312,6,""
SBP_AIS_EUR,EUR,MR-APSS,0.0355,0.0031,7.7473e-30,338,
DBP_AIS_EUR,EUR,MR-APSS,0.0449,0.0054,1.2653e-16,307,
