pair_slot,ancestry,n_snps,total_r2,outcome_id,ncase,nctrl,detectable_or_at_80pct,meets_power_floor
CKDGen_URATE_EUR,EUR,88,0.08145,FinnGen_R12_I9_CHD,56650,443698,1.022,TRUE
CKDGen_URATE_EUR,EUR,88,0.08145,FinnGen_R12_I9_AF,63532,252810,1.022,TRUE
CKDGen_URATE_EUR,EUR,88,0.08145,FinnGen_R12_N14_ACUTERENFAIL,8383,480448,1.056,TRUE
CKDGen_URATE_EUR,EUR,88,0.08145,FinnGen_R12_T2D,82878,403489,1.019,TRUE
CKDGen_URATE_EUR,EUR,88,0.08145,FinnGen_R12_M13_GOUT,12342,315115,1.046,TRUE
CKDGen_URATE_EUR,EUR,88,0.08145,FinnGen_R12_I9_CAVS_OPERATED,12418,487930,1.046,TRUE
CKDGen_URATE_EUR,EUR,88,0.08145,FinnGen_R12_ST19_FRACT_FOREA,4439,463106,1.077,TRUE
CKDGen_URATE_EUR,EUR,88,0.08145,AGEN_Spracklen2020_T2D,77418,356122,1.02,TRUE
CKDGen_URATE_EUR,EUR,88,0.08145,MEGASTROKE_AS_EUR,40585,406111,1.026,TRUE
CKDGen_URATE_EUR,EUR,88,0.08145,MEGASTROKE_AIS_EUR,34217,406111,1.028,TRUE
CKDGen_URATE_EUR,EUR,88,0.08145,MEGASTROKE_LAS_EUR,4373,297290,1.078,TRUE
CKDGen_URATE_EUR,EUR,88,0.08145,MEGASTROKE_CES_EUR,7193,355468,1.06,TRUE
CKDGen_URATE_EUR,EUR,88,0.08145,MEGASTROKE_SVS_EUR,5386,343560,1.07,TRUE
CKDGen_URATE_EUR,EUR,88,0.08145,MEGASTROKE_AIS_TRANS,34217,406111,1.028,TRUE
CKDGen_URATE_TRANS,EUR,122,0.08539,FinnGen_R12_I9_CHD,56650,443698,1.022,TRUE
CKDGen_URATE_TRANS,EUR,122,0.08539,FinnGen_R12_I9_AF,63532,252810,1.022,TRUE
CKDGen_URATE_TRANS,EUR,122,0.08539,FinnGen_R12_N14_ACUTERENFAIL,8383,480448,1.054,TRUE
CKDGen_URATE_TRANS,EUR,122,0.08539,FinnGen_R12_T2D,82878,403489,1.018,TRUE
CKDGen_URATE_TRANS,EUR,122,0.08539,FinnGen_R12_M13_GOUT,12342,315115,1.045,TRUE
CKDGen_URATE_TRANS,EUR,122,0.08539,FinnGen_R12_I9_CAVS_OPERATED,12418,487930,1.045,TRUE
CKDGen_URATE_TRANS,EUR,122,0.08539,FinnGen_R12_ST19_FRACT_FOREA,4439,463106,1.075,TRUE
CKDGen_URATE_TRANS,EUR,122,0.08539,AGEN_Spracklen2020_T2D,77418,356122,1.019,TRUE
CKDGen_URATE_TRANS,EUR,122,0.08539,MEGASTROKE_AS_EUR,40585,406111,1.025,TRUE
CKDGen_URATE_TRANS,EUR,122,0.08539,MEGASTROKE_AIS_EUR,34217,406111,1.027,TRUE
CKDGen_URATE_TRANS,EUR,122,0.08539,MEGASTROKE_LAS_EUR,4373,297290,1.076,TRUE
CKDGen_URATE_TRANS,EUR,122,0.08539,MEGASTROKE_CES_EUR,7193,355468,1.059,TRUE
CKDGen_URATE_TRANS,EUR,122,0.08539,MEGASTROKE_SVS_EUR,5386,343560,1.068,TRUE
CKDGen_URATE_TRANS,EUR,122,0.08539,MEGASTROKE_AIS_TRANS,34217,406111,1.027,TRUE
GIANT_BMI_EUR,EUR,485,0.05051,FinnGen_R12_I9_CHD,56650,443698,1.028,TRUE
GIANT_BMI_EUR,EUR,485,0.05051,FinnGen_R12_I9_AF,63532,252810,1.028,TRUE
GIANT_BMI_EUR,EUR,485,0.05051,FinnGen_R12_N14_ACUTERENFAIL,8383,480448,1.071,TRUE
GIANT_BMI_EUR,EUR,485,0.05051,FinnGen_R12_T2D,82878,403489,1.024,TRUE
GIANT_BMI_EUR,EUR,485,0.05051,FinnGen_R12_M13_GOUT,12342,315115,1.059,TRUE
GIANT_BMI_EUR,EUR,485,0.05051,FinnGen_R12_I9_CAVS_OPERATED,12418,487930,1.058,TRUE
GIANT_BMI_EUR,EUR,485,0.05051,FinnGen_R12_ST19_FRACT_FOREA,4439,463106,1.099,TRUE
GIANT_BMI_EUR,EUR,485,0.05051,AGEN_Spracklen2020_T2D,77418,356122,1.025,TRUE
GIANT_BMI_EUR,EUR,485,0.05051,MEGASTROKE_AS_EUR,40585,406111,1.033,TRUE
GIANT_BMI_EUR,EUR,485,0.05051,MEGASTROKE_AIS_EUR,34217,406111,1.036,TRUE
GIANT_BMI_EUR,EUR,485,0.05051,MEGASTROKE_LAS_EUR,4373,297290,1.1,TRUE
GIANT_BMI_EUR,EUR,485,0.05051,MEGASTROKE_CES_EUR,7193,355468,1.077,TRUE
GIANT_BMI_EUR,EUR,485,0.05051,MEGASTROKE_SVS_EUR,5386,343560,1.089,TRUE
GIANT_BMI_EUR,EUR,485,0.05051,MEGASTROKE_AIS_TRANS,34217,406111,1.036,TRUE
GLGC_HDL_AFR,AFR,440,0.36926,FinnGen_R12_I9_CHD,56650,443698,1.01,TRUE
GLGC_HDL_AFR,AFR,440,0.36926,FinnGen_R12_I9_AF,63532,252810,1.01,TRUE
GLGC_HDL_AFR,AFR,440,0.36926,FinnGen_R12_N14_ACUTERENFAIL,8383,480448,1.026,TRUE
GLGC_HDL_AFR,AFR,440,0.36926,FinnGen_R12_T2D,82878,403489,1.009,TRUE
GLGC_HDL_AFR,AFR,440,0.36926,FinnGen_R12_M13_GOUT,12342,315115,1.021,TRUE
GLGC_HDL_AFR,AFR,440,0.36926,FinnGen_R12_I9_CAVS_OPERATED,12418,487930,1.021,TRUE
GLGC_HDL_AFR,AFR,440,0.36926,FinnGen_R12_ST19_FRACT_FOREA,4439,463106,1.035,TRUE
GLGC_HDL_AFR,AFR,440,0.36926,AGEN_Spracklen2020_T2D,77418,356122,1.009,TRUE
GLGC_HDL_AFR,AFR,440,0.36926,MEGASTROKE_AS_EUR,40585,406111,1.012,TRUE
GLGC_HDL_AFR,AFR,440,0.36926,MEGASTROKE_AIS_EUR,34217,406111,1.013,TRUE
GLGC_HDL_AFR,AFR,440,0.36926,MEGASTROKE_LAS_EUR,4373,297290,1.036,TRUE
GLGC_HDL_AFR,AFR,440,0.36926,MEGASTROKE_CES_EUR,7193,355468,1.028,TRUE
GLGC_HDL_AFR,AFR,440,0.36926,MEGASTROKE_SVS_EUR,5386,343560,1.032,TRUE
GLGC_HDL_AFR,AFR,440,0.36926,MEGASTROKE_AIS_TRANS,34217,406111,1.013,TRUE
GLGC_HDL_EAS,EAS,51,0.08272,FinnGen_R12_I9_CHD,56650,443698,1.022,TRUE
GLGC_HDL_EAS,EAS,51,0.08272,FinnGen_R12_I9_AF,63532,252810,1.022,TRUE
GLGC_HDL_EAS,EAS,51,0.08272,FinnGen_R12_N14_ACUTERENFAIL,8383,480448,1.055,TRUE
GLGC_HDL_EAS,EAS,51,0.08272,FinnGen_R12_T2D,82878,403489,1.019,TRUE
GLGC_HDL_EAS,EAS,51,0.08272,FinnGen_R12_M13_GOUT,12342,315115,1.046,TRUE
GLGC_HDL_EAS,EAS,51,0.08272,FinnGen_R12_I9_CAVS_OPERATED,12418,487930,1.045,TRUE
GLGC_HDL_EAS,EAS,51,0.08272,FinnGen_R12_ST19_FRACT_FOREA,4439,463106,1.076,TRUE
GLGC_HDL_EAS,EAS,51,0.08272,AGEN_Spracklen2020_T2D,77418,356122,1.02,TRUE
GLGC_HDL_EAS,EAS,51,0.08272,MEGASTROKE_AS_EUR,40585,406111,1.026,TRUE
GLGC_HDL_EAS,EAS,51,0.08272,MEGASTROKE_AIS_EUR,34217,406111,1.028,TRUE
GLGC_HDL_EAS,EAS,51,0.08272,MEGASTROKE_LAS_EUR,4373,297290,1.077,TRUE
GLGC_HDL_EAS,EAS,51,0.08272,MEGASTROKE_CES_EUR,7193,355468,1.06,TRUE
GLGC_HDL_EAS,EAS,51,0.08272,MEGASTROKE_SVS_EUR,5386,343560,1.069,TRUE
GLGC_HDL_EAS,EAS,51,0.08272,MEGASTROKE_AIS_TRANS,34217,406111,1.028,TRUE
GLGC_HDL_EUR,EUR,3900,0.74316,FinnGen_R12_I9_CHD,56650,443698,1.007,TRUE
GLGC_HDL_EUR,EUR,3900,0.74316,FinnGen_R12_I9_AF,63532,252810,1.007,TRUE
GLGC_HDL_EUR,EUR,3900,0.74316,FinnGen_R12_N14_ACUTERENFAIL,8383,480448,1.018,TRUE
GLGC_HDL_EUR,EUR,3900,0.74316,FinnGen_R12_T2D,82878,403489,1.006,TRUE
GLGC_HDL_EUR,EUR,3900,0.74316,FinnGen_R12_M13_GOUT,12342,315115,1.015,TRUE
GLGC_HDL_EUR,EUR,3900,0.74316,FinnGen_R12_I9_CAVS_OPERATED,12418,487930,1.015,TRUE
GLGC_HDL_EUR,EUR,3900,0.74316,FinnGen_R12_ST19_FRACT_FOREA,4439,463106,1.025,TRUE
GLGC_HDL_EUR,EUR,3900,0.74316,AGEN_Spracklen2020_T2D,77418,356122,1.006,TRUE
GLGC_HDL_EUR,EUR,3900,0.74316,MEGASTROKE_AS_EUR,40585,406111,1.008,TRUE
GLGC_HDL_EUR,EUR,3900,0.74316,MEGASTROKE_AIS_EUR,34217,406111,1.009,TRUE
GLGC_HDL_EUR,EUR,3900,0.74316,MEGASTROKE_LAS_EUR,4373,297290,1.025,TRUE
GLGC_HDL_EUR,EUR,3900,0.74316,MEGASTROKE_CES_EUR,7193,355468,1.02,TRUE
GLGC_HDL_EUR,EUR,3900,0.74316,MEGASTROKE_SVS_EUR,5386,343560,1.023,TRUE
GLGC_HDL_EUR,EUR,3900,0.74316,MEGASTROKE_AIS_TRANS,34217,406111,1.009,TRUE
GLGC_LDL_AFR,AFR,51,0.09736,FinnGen_R12_I9_CHD,56650,443698,1.02,TRUE
GLGC_LDL_AFR,AFR,51,0.09736,FinnGen_R12_I9_AF,63532,252810,1.02,TRUE
GLGC_LDL_AFR,AFR,51,0.09736,FinnGen_R12_N14_ACUTERENFAIL,8383,480448,1.051,TRUE
GLGC_LDL_AFR,AFR,51,0.09736,FinnGen_R12_T2D,82878,403489,1.017,TRUE
GLGC_LDL_AFR,AFR,51,0.09736,FinnGen_R12_M13_GOUT,12342,315115,1.042,TRUE
GLGC_LDL_AFR,AFR,51,0.09736,FinnGen_R12_I9_CAVS_OPERATED,12418,487930,1.042,TRUE
GLGC_LDL_AFR,AFR,51,0.09736,FinnGen_R12_ST19_FRACT_FOREA,4439,463106,1.07,TRUE
GLGC_LDL_AFR,AFR,51,0.09736,AGEN_Spracklen2020_T2D,77418,356122,1.018,TRUE
GLGC_LDL_AFR,AFR,51,0.09736,MEGASTROKE_AS_EUR,40585,406111,1.024,TRUE
GLGC_LDL_AFR,AFR,51,0.09736,MEGASTROKE_AIS_EUR,34217,406111,1.026,TRUE
GLGC_LDL_AFR,AFR,51,0.09736,MEGASTROKE_LAS_EUR,4373,297290,1.071,TRUE
GLGC_LDL_AFR,AFR,51,0.09736,MEGASTROKE_CES_EUR,7193,355468,1.055,TRUE
GLGC_LDL_AFR,AFR,51,0.09736,MEGASTROKE_SVS_EUR,5386,343560,1.064,TRUE
GLGC_LDL_AFR,AFR,51,0.09736,MEGASTROKE_AIS_TRANS,34217,406111,1.026,TRUE
GLGC_LDL_EAS,EAS,36,0.07379,FinnGen_R12_I9_CHD,56650,443698,1.023,TRUE
GLGC_LDL_EAS,EAS,36,0.07379,FinnGen_R12_I9_AF,63532,252810,1.023,TRUE
GLGC_LDL_EAS,EAS,36,0.07379,FinnGen_R12_N14_ACUTERENFAIL,8383,480448,1.058,TRUE
GLGC_LDL_EAS,EAS,36,0.07379,FinnGen_R12_T2D,82878,403489,1.02,TRUE
GLGC_LDL_EAS,EAS,36,0.07379,FinnGen_R12_M13_GOUT,12342,315115,1.048,TRUE
GLGC_LDL_EAS,EAS,36,0.07379,FinnGen_R12_I9_CAVS_OPERATED,12418,487930,1.048,TRUE
GLGC_LDL_EAS,EAS,36,0.07379,FinnGen_R12_ST19_FRACT_FOREA,4439,463106,1.081,TRUE
GLGC_LDL_EAS,EAS,36,0.07379,AGEN_Spracklen2020_T2D,77418,356122,1.021,TRUE
GLGC_LDL_EAS,EAS,36,0.07379,MEGASTROKE_AS_EUR,40585,406111,1.027,TRUE
GLGC_LDL_EAS,EAS,36,0.07379,MEGASTROKE_AIS_EUR,34217,406111,1.029,TRUE
GLGC_LDL_EAS,EAS,36,0.07379,MEGASTROKE_LAS_EUR,4373,297290,1.082,TRUE
GLGC_LDL_EAS,EAS,36,0.07379,MEGASTROKE_CES_EUR,7193,355468,1.063,TRUE
GLGC_LDL_EAS,EAS,36,0.07379,MEGASTROKE_SVS_EUR,5386,343560,1.073,TRUE
GLGC_LDL_EAS,EAS,36,0.07379,MEGASTROKE_AIS_TRANS,34217,406111,1.029,TRUE
GLGC_LDL_EUR,EUR,267,0.0804,FinnGen_R12_I9_CHD,56650,443698,1.022,TRUE
GLGC_LDL_EUR,EUR,267,0.0804,FinnGen_R12_I9_AF,63532,252810,1.022,TRUE
GLGC_LDL_EUR,EUR,267,0.0804,FinnGen_R12_N14_ACUTERENFAIL,8383,480448,1.056,TRUE
GLGC_LDL_EUR,EUR,267,0.0804,FinnGen_R12_T2D,82878,403489,1.019,TRUE
GLGC_LDL_EUR,EUR,267,0.0804,FinnGen_R12_M13_GOUT,12342,315115,1.046,TRUE
GLGC_LDL_EUR,EUR,267,0.0804,FinnGen_R12_I9_CAVS_OPERATED,12418,487930,1.046,TRUE
GLGC_LDL_EUR,EUR,267,0.0804,FinnGen_R12_ST19_FRACT_FOREA,4439,463106,1.077,TRUE
GLGC_LDL_EUR,EUR,267,0.0804,AGEN_Spracklen2020_T2D,77418,356122,1.02,TRUE
GLGC_LDL_EUR,EUR,267,0.0804,MEGASTROKE_AS_EUR,40585,406111,1.026,TRUE
GLGC_LDL_EUR,EUR,267,0.0804,MEGASTROKE_AIS_EUR,34217,406111,1.028,TRUE
GLGC_LDL_EUR,EUR,267,0.0804,MEGASTROKE_LAS_EUR,4373,297290,1.078,TRUE
GLGC_LDL_EUR,EUR,267,0.0804,MEGASTROKE_CES_EUR,7193,355468,1.061,TRUE
GLGC_LDL_EUR,EUR,267,0.0804,MEGASTROKE_SVS_EUR,5386,343560,1.07,TRUE
GLGC_LDL_EUR,EUR,267,0.0804,MEGASTROKE_AIS_TRANS,34217,406111,1.028,TRUE
GLGC_TC_AFR,AFR,56,0.0809,FinnGen_R12_I9_CHD,56650,443698,1.022,TRUE
GLGC_TC_AFR,AFR,56,0.0809,FinnGen_R12_I9_AF,63532,252810,1.022,TRUE
GLGC_TC_AFR,AFR,56,0.0809,FinnGen_R12_N14_ACUTERENFAIL,8383,480448,1.056,TRUE
GLGC_TC_AFR,AFR,56,0.0809,FinnGen_R12_T2D,82878,403489,1.019,TRUE
GLGC_TC_AFR,AFR,56,0.0809,FinnGen_R12_M13_GOUT,12342,315115,1.046,TRUE
GLGC_TC_AFR,AFR,56,0.0809,FinnGen_R12_I9_CAVS_OPERATED,12418,487930,1.046,TRUE
GLGC_TC_AFR,AFR,56,0.0809,FinnGen_R12_ST19_FRACT_FOREA,4439,463106,1.077,TRUE
GLGC_TC_AFR,AFR,56,0.0809,AGEN_Spracklen2020_T2D,77418,356122,1.02,TRUE
GLGC_TC_AFR,AFR,56,0.0809,MEGASTROKE_AS_EUR,40585,406111,1.026,TRUE
GLGC_TC_AFR,AFR,56,0.0809,MEGASTROKE_AIS_EUR,34217,406111,1.028,TRUE
GLGC_TC_AFR,AFR,56,0.0809,MEGASTROKE_LAS_EUR,4373,297290,1.078,TRUE
GLGC_TC_AFR,AFR,56,0.0809,MEGASTROKE_CES_EUR,7193,355468,1.06,TRUE
GLGC_TC_AFR,AFR,56,0.0809,MEGASTROKE_SVS_EUR,5386,343560,1.07,TRUE
GLGC_TC_AFR,AFR,56,0.0809,MEGASTROKE_AIS_TRANS,34217,406111,1.028,TRUE
GLGC_TC_EAS,EAS,61,0.06415,FinnGen_R12_I9_CHD,56650,443698,1.025,TRUE
GLGC_TC_EAS,EAS,61,0.06415,FinnGen_R12_I9_AF,63532,252810,1.025,TRUE
GLGC_TC_EAS,EAS,61,0.06415,FinnGen_R12_N14_ACUTERENFAIL,8383,480448,1.063,TRUE
GLGC_TC_EAS,EAS,61,0.06415,FinnGen_R12_T2D,82878,403489,1.021,TRUE
GLGC_TC_EAS,EAS,61,0.06415,FinnGen_R12_M13_GOUT,12342,315115,1.052,TRUE
GLGC_TC_EAS,EAS,61,0.06415,FinnGen_R12_I9_CAVS_OPERATED,12418,487930,1.052,TRUE
GLGC_TC_EAS,EAS,61,0.06415,FinnGen_R12_ST19_FRACT_FOREA,4439,463106,1.087,TRUE
GLGC_TC_EAS,EAS,61,0.06415,AGEN_Spracklen2020_T2D,77418,356122,1.022,TRUE
GLGC_TC_EAS,EAS,61,0.06415,MEGASTROKE_AS_EUR,40585,406111,1.029,TRUE
GLGC_TC_EAS,EAS,61,0.06415,MEGASTROKE_AIS_EUR,34217,406111,1.032,TRUE
GLGC_TC_EAS,EAS,61,0.06415,MEGASTROKE_LAS_EUR,4373,297290,1.088,TRUE
GLGC_TC_EAS,EAS,61,0.06415,MEGASTROKE_CES_EUR,7193,355468,1.068,TRUE
GLGC_TC_EAS,EAS,61,0.06415,MEGASTROKE_SVS_EUR,5386,343560,1.079,TRUE
GLGC_TC_EAS,EAS,61,0.06415,MEGASTROKE_AIS_TRANS,34217,406111,1.032,TRUE
GLGC_TC_EUR,EUR,410,0.08011,FinnGen_R12_I9_CHD,56650,443698,1.022,TRUE
GLGC_TC_EUR,EUR,410,0.08011,FinnGen_R12_I9_AF,63532,252810,1.022,TRUE
GLGC_TC_EUR,EUR,410,0.08011,FinnGen_R12_N14_ACUTERENFAIL,8383,480448,1.056,TRUE
GLGC_TC_EUR,EUR,410,0.08011,FinnGen_R12_T2D,82878,403489,1.019,TRUE
GLGC_TC_EUR,EUR,410,0.08011,FinnGen_R12_M13_GOUT,12342,315115,1.046,TRUE
GLGC_TC_EUR,EUR,410,0.08011,FinnGen_R12_I9_CAVS_OPERATED,12418,487930,1.046,TRUE
GLGC_TC_EUR,EUR,410,0.08011,FinnGen_R12_ST19_FRACT_FOREA,4439,463106,1.077,TRUE
GLGC_TC_EUR,EUR,410,0.08011,AGEN_Spracklen2020_T2D,77418,356122,1.02,TRUE
GLGC_TC_EUR,EUR,410,0.08011,MEGASTROKE_AS_EUR,40585,406111,1.026,TRUE
GLGC_TC_EUR,EUR,410,0.08011,MEGASTROKE_AIS_EUR,34217,406111,1.028,TRUE
GLGC_TC_EUR,EUR,410,0.08011,MEGASTROKE_LAS_EUR,4373,297290,1.078,TRUE
GLGC_TC_EUR,EUR,410,0.08011,MEGASTROKE_CES_EUR,7193,355468,1.061,TRUE
GLGC_TC_EUR,EUR,410,0.08011,MEGASTROKE_SVS_EUR,5386,343560,1.07,TRUE
GLGC_TC_EUR,EUR,410,0.08011,MEGASTROKE_AIS_TRANS,34217,406111,1.028,TRUE
GLGC_TG_AFR,AFR,41,0.04852,FinnGen_R12_I9_CHD,56650,443698,1.029,TRUE
GLGC_TG_AFR,AFR,41,0.04852,FinnGen_R12_I9_AF,63532,252810,1.029,TRUE
GLGC_TG_AFR,AFR,41,0.04852,FinnGen_R12_N14_ACUTERENFAIL,8383,480448,1.073,TRUE
GLGC_TG_AFR,AFR,41,0.04852,FinnGen_R12_T2D,82878,403489,1.025,TRUE
GLGC_TG_AFR,AFR,41,0.04852,FinnGen_R12_M13_GOUT,12342,315115,1.06,TRUE
GLGC_TG_AFR,AFR,41,0.04852,FinnGen_R12_I9_CAVS_OPERATED,12418,487930,1.059,TRUE
GLGC_TG_AFR,AFR,41,0.04852,FinnGen_R12_ST19_FRACT_FOREA,4439,463106,1.101,TRUE
GLGC_TG_AFR,AFR,41,0.04852,AGEN_Spracklen2020_T2D,77418,356122,1.026,TRUE
GLGC_TG_AFR,AFR,41,0.04852,MEGASTROKE_AS_EUR,40585,406111,1.034,TRUE
GLGC_TG_AFR,AFR,41,0.04852,MEGASTROKE_AIS_EUR,34217,406111,1.036,TRUE
GLGC_TG_AFR,AFR,41,0.04852,MEGASTROKE_LAS_EUR,4373,297290,1.102,TRUE
GLGC_TG_AFR,AFR,41,0.04852,MEGASTROKE_CES_EUR,7193,355468,1.079,TRUE
GLGC_TG_AFR,AFR,41,0.04852,MEGASTROKE_SVS_EUR,5386,343560,1.091,TRUE
GLGC_TG_AFR,AFR,41,0.04852,MEGASTROKE_AIS_TRANS,34217,406111,1.036,TRUE
GLGC_TG_EAS,EAS,24,0.06905,FinnGen_R12_I9_CHD,56650,443698,1.024,TRUE
GLGC_TG_EAS,EAS,24,0.06905,FinnGen_R12_I9_AF,63532,252810,1.024,TRUE
GLGC_TG_EAS,EAS,24,0.06905,FinnGen_R12_N14_ACUTERENFAIL,8383,480448,1.06,TRUE
GLGC_TG_EAS,EAS,24,0.06905,FinnGen_R12_T2D,82878,403489,1.021,TRUE
GLGC_TG_EAS,EAS,24,0.06905,FinnGen_R12_M13_GOUT,12342,315115,1.05,TRUE
GLGC_TG_EAS,EAS,24,0.06905,FinnGen_R12_I9_CAVS_OPERATED,12418,487930,1.05,TRUE
GLGC_TG_EAS,EAS,24,0.06905,FinnGen_R12_ST19_FRACT_FOREA,4439,463106,1.084,TRUE
GLGC_TG_EAS,EAS,24,0.06905,AGEN_Spracklen2020_T2D,77418,356122,1.021,TRUE
GLGC_TG_EAS,EAS,24,0.06905,MEGASTROKE_AS_EUR,40585,406111,1.028,TRUE
GLGC_TG_EAS,EAS,24,0.06905,MEGASTROKE_AIS_EUR,34217,406111,1.03,TRUE
GLGC_TG_EAS,EAS,24,0.06905,MEGASTROKE_LAS_EUR,4373,297290,1.085,TRUE
GLGC_TG_EAS,EAS,24,0.06905,MEGASTROKE_CES_EUR,7193,355468,1.066,TRUE
GLGC_TG_EAS,EAS,24,0.06905,MEGASTROKE_SVS_EUR,5386,343560,1.076,TRUE
GLGC_TG_EAS,EAS,24,0.06905,MEGASTROKE_AIS_TRANS,34217,406111,1.03,TRUE
GLGC_TG_EUR,EUR,427,0.0658,FinnGen_R12_I9_CHD,56650,443698,1.025,TRUE
GLGC_TG_EUR,EUR,427,0.0658,FinnGen_R12_I9_AF,63532,252810,1.025,TRUE
GLGC_TG_EUR,EUR,427,0.0658,FinnGen_R12_N14_ACUTERENFAIL,8383,480448,1.062,TRUE
GLGC_TG_EUR,EUR,427,0.0658,FinnGen_R12_T2D,82878,403489,1.021,TRUE
GLGC_TG_EUR,EUR,427,0.0658,FinnGen_R12_M13_GOUT,12342,315115,1.051,TRUE
GLGC_TG_EUR,EUR,427,0.0658,FinnGen_R12_I9_CAVS_OPERATED,12418,487930,1.051,TRUE
GLGC_TG_EUR,EUR,427,0.0658,FinnGen_R12_ST19_FRACT_FOREA,4439,463106,1.086,TRUE
GLGC_TG_EUR,EUR,427,0.0658,AGEN_Spracklen2020_T2D,77418,356122,1.022,TRUE
GLGC_TG_EUR,EUR,427,0.0658,MEGASTROKE_AS_EUR,40585,406111,1.029,TRUE
GLGC_TG_EUR,EUR,427,0.0658,MEGASTROKE_AIS_EUR,34217,406111,1.031,TRUE
GLGC_TG_EUR,EUR,427,0.0658,MEGASTROKE_LAS_EUR,4373,297290,1.087,TRUE
GLGC_TG_EUR,EUR,427,0.0658,MEGASTROKE_CES_EUR,7193,355468,1.067,TRUE
GLGC_TG_EUR,EUR,427,0.0658,MEGASTROKE_SVS_EUR,5386,343560,1.078,TRUE
GLGC_TG_EUR,EUR,427,0.0658,MEGASTROKE_AIS_TRANS,34217,406111,1.031,TRUE
ICBP_DBP_EUR,EUR,411,5.11365,FinnGen_R12_I9_CHD,56650,443698,1.003,TRUE
ICBP_DBP_EUR,EUR,411,5.11365,FinnGen_R12_I9_AF,63532,252810,1.003,TRUE
ICBP_DBP_EUR,EUR,411,5.11365,FinnGen_R12_N14_ACUTERENFAIL,8383,480448,1.007,TRUE
ICBP_DBP_EUR,EUR,411,5.11365,FinnGen_R12_T2D,82878,403489,1.002,TRUE
ICBP_DBP_EUR,EUR,411,5.11365,FinnGen_R12_M13_GOUT,12342,315115,1.006,TRUE
ICBP_DBP_EUR,EUR,411,5.11365,FinnGen_R12_I9_CAVS_OPERATED,12418,487930,1.006,TRUE
ICBP_DBP_EUR,EUR,411,5.11365,FinnGen_R12_ST19_FRACT_FOREA,4439,463106,1.009,TRUE
ICBP_DBP_EUR,EUR,411,5.11365,AGEN_Spracklen2020_T2D,77418,356122,1.002,TRUE
ICBP_DBP_EUR,EUR,411,5.11365,MEGASTROKE_AS_EUR,40585,406111,1.003,TRUE
ICBP_DBP_EUR,EUR,411,5.11365,MEGASTROKE_AIS_EUR,34217,406111,1.003,TRUE
ICBP_DBP_EUR,EUR,411,5.11365,MEGASTROKE_LAS_EUR,4373,297290,1.009,TRUE
ICBP_DBP_EUR,EUR,411,5.11365,MEGASTROKE_CES_EUR,7193,355468,1.007,TRUE
ICBP_DBP_EUR,EUR,411,5.11365,MEGASTROKE_SVS_EUR,5386,343560,1.009,TRUE
ICBP_DBP_EUR,EUR,411,5.11365,MEGASTROKE_AIS_TRANS,34217,406111,1.003,TRUE
ICBP_SBP_EUR,EUR,408,14.46847,FinnGen_R12_I9_CHD,56650,443698,1.002,TRUE
ICBP_SBP_EUR,EUR,408,14.46847,FinnGen_R12_I9_AF,63532,252810,1.002,TRUE
ICBP_SBP_EUR,EUR,408,14.46847,FinnGen_R12_N14_ACUTERENFAIL,8383,480448,1.004,TRUE
ICBP_SBP_EUR,EUR,408,14.46847,FinnGen_R12_T2D,82878,403489,1.001,TRUE
ICBP_SBP_EUR,EUR,408,14.46847,FinnGen_R12_M13_GOUT,12342,315115,1.003,TRUE
ICBP_SBP_EUR,EUR,408,14.46847,FinnGen_R12_I9_CAVS_OPERATED,12418,487930,1.003,TRUE
ICBP_SBP_EUR,EUR,408,14.46847,FinnGen_R12_ST19_FRACT_FOREA,4439,463106,1.006,TRUE
ICBP_SBP_EUR,EUR,408,14.46847,AGEN_Spracklen2020_T2D,77418,356122,1.001,TRUE
ICBP_SBP_EUR,EUR,408,14.46847,MEGASTROKE_AS_EUR,40585,406111,1.002,TRUE
ICBP_SBP_EUR,EUR,408,14.46847,MEGASTROKE_AIS_EUR,34217,406111,1.002,TRUE
ICBP_SBP_EUR,EUR,408,14.46847,MEGASTROKE_LAS_EUR,4373,297290,1.006,TRUE
ICBP_SBP_EUR,EUR,408,14.46847,MEGASTROKE_CES_EUR,7193,355468,1.004,TRUE
ICBP_SBP_EUR,EUR,408,14.46847,MEGASTROKE_SVS_EUR,5386,343560,1.005,TRUE
ICBP_SBP_EUR,EUR,408,14.46847,MEGASTROKE_AIS_TRANS,34217,406111,1.002,TRUE
MAGIC_HBA1C_AA,AFR,1,0.00025,FinnGen_R12_I9_CHD,56650,443698,1.481,TRUE
MAGIC_HBA1C_AA,AFR,1,0.00025,FinnGen_R12_I9_AF,63532,252810,1.478,TRUE
MAGIC_HBA1C_AA,AFR,1,0.00025,FinnGen_R12_N14_ACUTERENFAIL,8383,480448,2.637,FALSE
MAGIC_HBA1C_AA,AFR,1,0.00025,FinnGen_R12_T2D,82878,403489,1.399,TRUE
MAGIC_HBA1C_AA,AFR,1,0.00025,FinnGen_R12_M13_GOUT,12342,315115,2.243,FALSE
MAGIC_HBA1C_AA,AFR,1,0.00025,FinnGen_R12_I9_CAVS_OPERATED,12418,487930,2.225,FALSE
MAGIC_HBA1C_AA,AFR,1,0.00025,FinnGen_R12_ST19_FRACT_FOREA,4439,463106,3.771,FALSE
MAGIC_HBA1C_AA,AFR,1,0.00025,AGEN_Spracklen2020_T2D,77418,356122,1.418,TRUE
MAGIC_HBA1C_AA,AFR,1,0.00025,MEGASTROKE_AS_EUR,40585,406111,1.581,FALSE
MAGIC_HBA1C_AA,AFR,1,0.00025,MEGASTROKE_AIS_EUR,34217,406111,1.641,FALSE
MAGIC_HBA1C_AA,AFR,1,0.00025,MEGASTROKE_LAS_EUR,4373,297290,3.822,FALSE
MAGIC_HBA1C_AA,AFR,1,0.00025,MEGASTROKE_CES_EUR,7193,355468,2.852,FALSE
MAGIC_HBA1C_AA,AFR,1,0.00025,MEGASTROKE_SVS_EUR,5386,343560,3.349,FALSE
MAGIC_HBA1C_AA,AFR,1,0.00025,MEGASTROKE_AIS_TRANS,34217,406111,1.641,FALSE
MAGIC_HBA1C_EAS,EAS,11,0.00227,FinnGen_R12_I9_CHD,56650,443698,1.14,TRUE
MAGIC_HBA1C_EAS,EAS,11,0.00227,FinnGen_R12_I9_AF,63532,252810,1.14,TRUE
MAGIC_HBA1C_EAS,EAS,11,0.00227,FinnGen_R12_N14_ACUTERENFAIL,8383,480448,1.383,TRUE
MAGIC_HBA1C_EAS,EAS,11,0.00227,FinnGen_R12_T2D,82878,403489,1.119,TRUE
MAGIC_HBA1C_EAS,EAS,11,0.00227,FinnGen_R12_M13_GOUT,12342,315115,1.31,TRUE
MAGIC_HBA1C_EAS,EAS,11,0.00227,FinnGen_R12_I9_CAVS_OPERATED,12418,487930,1.307,TRUE
MAGIC_HBA1C_EAS,EAS,11,0.00227,FinnGen_R12_ST19_FRACT_FOREA,4439,463106,1.559,FALSE
MAGIC_HBA1C_EAS,EAS,11,0.00227,AGEN_Spracklen2020_T2D,77418,356122,1.124,TRUE
MAGIC_HBA1C_EAS,EAS,11,0.00227,MEGASTROKE_AS_EUR,40585,406111,1.166,TRUE
MAGIC_HBA1C_EAS,EAS,11,0.00227,MEGASTROKE_AIS_EUR,34217,406111,1.18,TRUE
MAGIC_HBA1C_EAS,EAS,11,0.00227,MEGASTROKE_LAS_EUR,4373,297290,1.566,FALSE
MAGIC_HBA1C_EAS,EAS,11,0.00227,MEGASTROKE_CES_EUR,7193,355468,1.42,TRUE
MAGIC_HBA1C_EAS,EAS,11,0.00227,MEGASTROKE_SVS_EUR,5386,343560,1.498,TRUE
MAGIC_HBA1C_EAS,EAS,11,0.00227,MEGASTROKE_AIS_TRANS,34217,406111,1.18,TRUE
MAGIC_HBA1C_EUR,EUR,33,0.00359,FinnGen_R12_I9_CHD,56650,443698,1.11,TRUE
MAGIC_HBA1C_EUR,EUR,33,0.00359,FinnGen_R12_I9_AF,63532,252810,1.109,TRUE
MAGIC_HBA1C_EUR,EUR,33,0.00359,FinnGen_R12_N14_ACUTERENFAIL,8383,480448,1.294,TRUE
MAGIC_HBA1C_EUR,EUR,33,0.00359,FinnGen_R12_T2D,82878,403489,1.093,TRUE
MAGIC_HBA1C_EUR,EUR,33,0.00359,FinnGen_R12_M13_GOUT,12342,315115,1.239,TRUE
MAGIC_HBA1C_EUR,EUR,33,0.00359,FinnGen_R12_I9_CAVS_OPERATED,12418,487930,1.237,TRUE
MAGIC_HBA1C_EUR,EUR,33,0.00359,FinnGen_R12_ST19_FRACT_FOREA,4439,463106,1.423,TRUE
MAGIC_HBA1C_EUR,EUR,33,0.00359,AGEN_Spracklen2020_T2D,77418,356122,1.097,TRUE
MAGIC_HBA1C_EUR,EUR,33,0.00359,MEGASTROKE_AS_EUR,40585,406111,1.129,TRUE
MAGIC_HBA1C_EUR,EUR,33,0.00359,MEGASTROKE_AIS_EUR,34217,406111,1.141,TRUE
MAGIC_HBA1C_EUR,EUR,33,0.00359,MEGASTROKE_LAS_EUR,4373,297290,1.428,TRUE
MAGIC_HBA1C_EUR,EUR,33,0.00359,MEGASTROKE_CES_EUR,7193,355468,1.321,TRUE
MAGIC_HBA1C_EUR,EUR,33,0.00359,MEGASTROKE_SVS_EUR,5386,343560,1.379,TRUE
MAGIC_HBA1C_EUR,EUR,33,0.00359,MEGASTROKE_AIS_TRANS,34217,406111,1.141,TRUE
SA_LPA_EUR,EUR,9,0.02884,FinnGen_R12_I9_CHD,56650,443698,1.037,TRUE
SA_LPA_EUR,EUR,9,0.02884,FinnGen_R12_I9_AF,63532,252810,1.037,TRUE
SA_LPA_EUR,EUR,9,0.02884,FinnGen_R12_N14_ACUTERENFAIL,8383,480448,1.095,TRUE
SA_LPA_EUR,EUR,9,0.02884,FinnGen_R12_T2D,82878,403489,1.032,TRUE
SA_LPA_EUR,EUR,9,0.02884,FinnGen_R12_M13_GOUT,12342,315115,1.079,TRUE
SA_LPA_EUR,EUR,9,0.02884,FinnGen_R12_I9_CAVS_OPERATED,12418,487930,1.078,TRUE
SA_LPA_EUR,EUR,9,0.02884,FinnGen_R12_ST19_FRACT_FOREA,4439,463106,1.132,TRUE
SA_LPA_EUR,EUR,9,0.02884,AGEN_Spracklen2020_T2D,77418,356122,1.033,TRUE
SA_LPA_EUR,EUR,9,0.02884,MEGASTROKE_AS_EUR,40585,406111,1.044,TRUE
SA_LPA_EUR,EUR,9,0.02884,MEGASTROKE_AIS_EUR,34217,406111,1.048,TRUE
SA_LPA_EUR,EUR,9,0.02884,MEGASTROKE_LAS_EUR,4373,297290,1.134,TRUE
SA_LPA_EUR,EUR,9,0.02884,MEGASTROKE_CES_EUR,7193,355468,1.103,TRUE
SA_LPA_EUR,EUR,9,0.02884,MEGASTROKE_SVS_EUR,5386,343560,1.12,TRUE
SA_LPA_EUR,EUR,9,0.02884,MEGASTROKE_AIS_TRANS,34217,406111,1.048,TRUE
