SNP,Q_statistic,p.value
rs10455872,124.674120019157,5.99783511987882e-29
rs10818580,24.6797087752342,6.76931434999523e-07
rs11589503,16.6918834300598,4.39687138325276e-05
rs11591147,16.6331007310973,4.53525768540586e-05
rs1250258,45.2267768185614,1.75489200915748e-11
rs13392272,18.2728219065711,1.91418764030845e-05
rs1971740,33.4063424837425,7.47796957652359e-09
rs2243548,17.0680763433047,3.60634521792777e-05
rs2278426,24.9103818427201,6.0058124837808e-07
rs2351774,16.4344704332072,5.03610517902113e-05
rs247616,55.0725055321925,1.16164556841567e-13
rs28929474,15.4539723073155,8.45390723044632e-05
rs3005923,25.8247040950442,3.73872462764655e-07
rs3184504,93.1023355702635,4.96591021483537e-22
rs3786722,52.9107488833085,3.49054113083767e-13
rs3798220,105.594783669696,9.04655366532741e-25
rs4671050,22.1895819382677,2.47010497793377e-06
rs557675,21.1477201194165,4.25206803132729e-06
rs693668,15.1577072287222,9.88938023316739e-05
rs73596816,17.3797104559673,3.06075929623432e-05
rs738409,19.9076376038749,8.12749831831807e-06
rs77960347,18.4666139540353,1.72906859742636e-05
rs964184,15.6569308530182,7.59337864122258e-05
